timestamp,BTC_USDT_1h_close,BTC_USDT_1h_volume,fear_greed_index,trend_bitcoin,google_trends_bitcoin,open_interest
2023-04-09,28016.649583333332,83.505889625,61.0,38.0,38.0,8142426524.534432
2023-04-10,28623.369166666667,261.6719434166667,62.0,38.0,38.0,9399079688.89144
2023-04-11,30119.627083333336,253.35004166666667,68.0,38.0,38.0,9495525128.83792
2023-04-12,29977.49666666667,196.79144695833335,65.0,38.0,38.0,9352707603.519072
2023-04-13,30221.80416666667,143.17984295833332,61.0,38.0,38.0,9515774301.498516
2023-04-14,30586.725416666668,241.00103433333334,68.0,38.0,38.0,8867074031.564297
2023-04-15,30358.178750000003,59.438021125,68.0,38.0,38.0,8891993118.190199
2023-04-16,30308.178750000003,80.14720833333332,68.0,34.0,34.0,8779596124.458685
2023-04-17,29677.32625,171.70658325,69.0,34.0,34.0,8630487289.885836
2023-04-18,29972.4025,211.74502829166667,58.0,34.0,34.0,8934247520.765055
2023-04-19,29545.920833333334,321.92627,63.0,34.0,34.0,8209349110.451884
2023-04-20,28640.979166666668,277.87809883333335,52.0,34.0,34.0,8282204875.896203
2023-04-21,27927.490833333333,305.19345933333335,50.0,34.0,34.0,7996641144.596436
2023-04-22,27435.597916666666,182.60959975,53.0,34.0,34.0,8273989160.901071
2023-04-23,27571.604166666668,130.699145875,56.0,32.0,32.0,8004667666.141316
2023-04-24,27487.382083333334,221.109769625,53.0,32.0,32.0,7962199740.200543
2023-04-25,27537.068750000002,264.3576018333333,53.0,32.0,32.0,8198930142.163876
2023-04-26,28864.355833333335,658.5410835833333,56.0,32.0,32.0,7457284714.217011
2023-04-27,29145.45125,416.2954125416666,59.0,32.0,32.0,8070124503.755376
2023-04-28,29320.37875,280.24020025,64.0,32.0,32.0,8158367822.295253
2023-04-29,29286.12833333333,110.43788229166667,64.0,32.0,32.0,8183745773.94934
2023-04-30,29323.83,184.507037875,60.0,31.0,31.0,8040185313.127136
2023-05-01,28395.5175,331.59128333333337,63.0,31.0,31.0,7960027158.646053
2023-05-02,28264.66625,238.44293454166666,55.0,31.0,31.0,8160386306.010047
2023-05-03,28559.100000000002,333.70708341666665,64.0,31.0,31.0,8040568286.640103
2023-05-04,28984.685833333333,232.0865675,64.0,31.0,31.0,8223616162.803822
2023-05-05,29275.551666666666,285.30921425,61.0,31.0,31.0,8561031498.719108
2023-05-06,29099.188333333335,250.7491344166667,60.0,31.0,31.0,8092079314.72334
2023-05-07,28860.842916666665,183.95545374999998,64.0,30.0,30.0,8069914311.036968
2023-05-08,27891.513333333332,386.67723220833335,60.0,30.0,30.0,8310169252.312884
2023-05-09,27612.30416666667,208.164859375,51.0,30.0,30.0,8336629445.344043
2023-05-10,27739.0825,411.7815009583333,52.0,30.0,30.0,7871322482.592301
2023-05-11,27260.954166666666,310.437742625,52.0,30.0,30.0,8215766997.125457
2023-05-12,26482.792083333334,374.83409925,49.0,30.0,30.0,7917080508.344784
2023-05-13,26813.217083333333,151.23137258333335,48.0,30.0,30.0,7956708873.318108
2023-05-14,26874.424583333337,128.12440041666667,48.0,25.0,25.0,8061113720.070546
2023-05-15,27336.505,259.0192911666667,50.0,25.0,25.0,8235765531.298734
2023-05-16,27062.437916666666,169.18545095833335,54.0,25.0,25.0,8271853408.136739
2023-05-17,27012.031666666666,218.90229895833332,50.0,25.0,25.0,8338791055.277177
2023-05-18,27132.562083333334,285.8414974583333,51.0,25.0,25.0,8061121758.207653
2023-05-19,26864.34375,170.01728529166667,48.0,25.0,25.0,7999493922.616662
2023-05-20,26934.02791666667,58.655058,48.0,25.0,25.0,8171637246.02464
2023-05-21,26971.849166666667,112.742714875,52.0,26.0,26.0,8120816777.776859
2023-05-22,26815.90375,201.41864470833332,49.0,26.0,26.0,8162597932.469394
2023-05-23,27237.708333333332,252.10814316666665,50.0,26.0,26.0,8391890242.135802
2023-05-24,26597.299166666668,310.6530361666667,50.0,26.0,26.0,8380365160.189091
2023-05-25,26302.944583333334,247.84146087500002,51.0,26.0,26.0,8316939037.222382
2023-05-26,26569.079166666666,170.9924085,49.0,26.0,26.0,8196379487.624687
2023-05-27,26721.255833333333,67.62699908333333,48.0,26.0,26.0,8231409186.345096
2023-05-28,27329.667083333334,207.35366504166666,50.0,26.0,26.0,8811796035.46746
2023-05-29,27851.39333333333,244.52558833333333,52.0,26.0,26.0,8691415120.101955
2023-05-30,27778.4325,237.30534779166666,51.0,26.0,26.0,8725676166.230453
2023-05-31,27196.456666666665,293.59215975,51.0,26.0,26.0,8457011044.474088
2023-06-01,26893.454583333336,251.49003441666665,52.0,26.0,26.0,8482884743.098759
2023-06-02,27078.060833333333,268.925713375,50.0,26.0,26.0,8560596259.181443
2023-06-03,27146.734166666665,106.50884033333334,53.0,26.0,26.0,8538271386.454711
2023-06-04,27156.28583333333,121.46868333333333,52.0,28.0,28.0,8369260415.514989
2023-06-05,26412.859583333335,473.899852125,53.0,28.0,28.0,8549585365.3973875
2023-06-06,26139.071666666667,430.192688875,44.0,28.0,28.0,8425683870.931684
2023-06-07,26654.437916666666,399.1714978333334,53.0,28.0,28.0,7889570947.335083
2023-06-08,26481.34875,234.6354085416667,50.0,28.0,28.0,8001595910.523702
2023-06-09,26522.41791666667,193.71617783333332,50.0,28.0,28.0,8008401108.715753
2023-06-10,25810.903749999998,358.48969695833335,49.0,28.0,28.0,7882525507.557227
2023-06-11,25832.7175,165.93373504166667,47.0,28.0,28.0,7845447663.719577
2023-06-12,25871.78958333333,223.30692229166667,47.0,28.0,28.0,7954595644.441764
2023-06-13,25992.44583333333,243.09996304166668,45.0,28.0,28.0,8100336880.045423
2023-06-14,25811.884166666667,253.60239749999997,46.0,28.0,28.0,7881644181.522687
2023-06-15,25151.59708333333,220.41699466666668,41.0,28.0,28.0,8044209346.899322
2023-06-16,25813.23875,277.09720654166665,47.0,28.0,28.0,8470217744.504834
2023-06-17,26486.733333333334,175.72349,47.0,28.0,28.0,8327149911.380666
2023-06-18,26520.41791666667,119.00268691666668,49.0,34.0,34.0,8331698395.47446
2023-06-19,26517.724583333333,231.080875625,47.0,34.0,34.0,8597445235.22864
2023-06-20,27244.461666666666,401.11773529166663,49.0,34.0,34.0,9708538251.61152
2023-06-21,29323.490833333333,618.92067575,59.0,34.0,34.0,9701219616.07759
2023-06-22,30113.01375,344.2463549583333,65.0,34.0,34.0,9777732552.782228
2023-06-23,30378.693333333333,445.1220840833333,65.0,34.0,34.0,9953236558.496546
2023-06-24,30616.36375,171.99658583333334,62.0,34.0,34.0,9872397790.28884
2023-06-25,30619.666666666668,205.947530625,64.0,32.0,32.0,9875434903.634497
2023-06-26,30290.311666666665,273.0725005,55.0,32.0,32.0,9875271653.68542
2023-06-27,30551.695000000003,254.191969875,59.0,32.0,32.0,10073921718.41526
2023-06-28,30287.575833333332,306.28270941666665,62.0,32.0,32.0,9779826579.455528
2023-06-29,30404.12125,284.3777841666667,54.0,32.0,32.0,9999816787.151514
2023-06-30,30554.337083333332,640.2634760416666,56.0,32.0,32.0,9212816396.353832
2023-07-01,30516.16625,90.39500591666666,59.0,32.0,32.0,9424098440.47974
2023-07-02,30538.057083333333,171.35442116666664,63.0,30.0,30.0,9361273630.188717
2023-07-03,30836.085833333334,272.540772875,62.0,30.0,30.0,10051871973.840618
2023-07-04,30978.9675,199.95398108333333,64.0,30.0,30.0,9792556247.146473
2023-07-05,30584.37875,207.55448395833332,61.0,30.0,30.0,9727973661.570818
2023-07-06,30514.27125,462.12546620833336,56.0,30.0,30.0,9210823286.904549
2023-07-07,30204.59,278.33465966666665,55.0,30.0,30.0,9257767463.09548
2023-07-08,30230.39375,103.63569749999999,58.0,30.0,30.0,9174273640.134829
2023-07-09,30271.12041666667,112.48947654166666,55.0,31.0,31.0,9178680543.97087
2023-07-10,30267.898749999997,266.9876527916667,56.0,31.0,31.0,9455788335.52179
2023-07-11,30518.469166666666,183.250449,57.0,31.0,31.0,9194979016.473877
2023-07-12,30572.916666666668,216.8186560833333,64.0,31.0,31.0,9416877264.205854
2023-07-13,30736.997916666664,448.77054258333334,57.0,31.0,31.0,9707914648.634834
2023-07-14,30990.68375,413.8153766666667,60.0,31.0,31.0,8948987603.652264
2023-07-15,30310.673333333336,66.00682779166667,56.0,31.0,31.0,9324464453.504345
2023-07-16,30288.413333333334,119.54076229166667,57.0,28.0,28.0,9362947679.65828
2023-07-17,30174.368749999998,223.54285712499998,54.0,28.0,28.0,9434024092.046272
2023-07-18,29933.079583333336,231.55290554166666,56.0,28.0,28.0,9607355598.315157
2023-07-19,29990.505833333333,220.76918454166665,50.0,28.0,28.0,9479569221.203672
2023-07-20,29988.352916666667,292.946746375,56.0,28.0,28.0,9596334079.184326
2023-07-21,29854.795,156.04642675,50.0,28.0,28.0,9430950800.415838
2023-07-22,29880.924166666668,68.99538608333334,52.0,28.0,28.0,9356068480.817804
2023-07-23,29950.556666666667,117.51518029166668,54.0,27.0,27.0,9223409234.70361
2023-07-24,29406.211666666666,257.3499555,55.0,27.0,27.0,9780705784.54642
2023-07-25,29175.096666666668,118.68840345833333,50.0,27.0,27.0,9620733509.298723
2023-07-26,29285.168333333335,252.136577375,51.0,27.0,27.0,9588715853.979158
2023-07-27,29354.939166666667,117.956849125,51.0,27.0,27.0,9648632425.35973
2023-07-28,29274.899166666666,127.48797020833332,52.0,27.0,27.0,9720944458.095964
2023-07-29,29326.97875,43.9286105,52.0,27.0,27.0,9732221100.792543
2023-07-30,29304.304583333334,107.38501245833334,52.0,26.0,26.0,9656512210.25796
2023-07-31,29332.449583333335,164.27062020833333,50.0,26.0,26.0,9845067265.8574
2023-08-01,29041.76958333333,341.20800383333335,53.0,26.0,26.0,9855028393.370226
2023-08-02,29427.923333333336,353.7026995416666,53.0,26.0,26.0,9774097875.891176
2023-08-03,29200.700833333336,189.49785841666667,52.0,26.0,26.0,9851143193.245049
2023-08-04,29170.477916666667,195.03486141666667,54.0,26.0,26.0,9911910284.12176
2023-08-05,29066.875416666666,57.061882625,50.0,26.0,26.0,9846533750.393808
2023-08-06,29074.12875,73.12111845833333,49.0,26.0,26.0,9731861966.343184
2023-08-07,29097.725416666668,202.08805229166668,49.0,26.0,26.0,9841510550.053576
2023-08-08,29472.600416666668,375.66892766666666,54.0,26.0,26.0,10428994540.15092
2023-08-09,29712.790416666667,270.90976916666665,50.0,26.0,26.0,9983437033.954782
2023-08-10,29519.662916666668,183.4044400833333,53.0,26.0,26.0,10070140023.3852
2023-08-11,29419.822916666668,96.00298099999999,51.0,26.0,26.0,10029073809.79278
2023-08-12,29423.577083333334,39.44942570833333,54.0,26.0,26.0,9984906846.09662
2023-08-13,29396.100833333334,46.94509745833333,54.0,31.0,31.0,9873877109.75759
2023-08-14,29418.476666666666,190.602720625,50.0,31.0,31.0,9687610854.823025
2023-08-15,29344.63625,150.12895529166667,53.0,31.0,31.0,9980862184.61624
2023-08-16,29125.550416666665,225.483837625,52.0,31.0,31.0,10069792179.430103
2023-08-17,28149.032083333335,825.3846184583334,50.0,31.0,31.0,7927640474.080662
2023-08-18,26282.747083333335,595.2345982916667,37.0,31.0,31.0,7441130071.871318
2023-08-19,26014.30416666667,168.60353075,39.0,31.0,31.0,7261928643.791413
2023-08-20,26130.45041666667,133.91201808333332,37.0,29.0,29.0,7427555380.308719
2023-08-21,26071.006250000002,223.275173375,38.0,29.0,29.0,7435269855.387025
2023-08-22,25984.517916666664,306.317865125,37.0,29.0,29.0,7189442174.455307
2023-08-23,26176.941666666666,384.6600699166667,37.0,29.0,29.0,7159917201.435935
2023-08-24,26286.327916666665,236.26728075000003,41.0,29.0,29.0,7198342998.006228
2023-08-25,26041.727916666667,305.4426315416667,39.0,29.0,29.0,7104092590.805318
2023-08-26,26046.178333333333,62.932781750000004,38.0,29.0,29.0,7130583519.679253
2023-08-27,26070.84708333333,64.56637575,38.0,29.0,29.0,7220202278.829707
2023-08-28,26037.34,229.18578875,39.0,29.0,29.0,7174827647.33578
2023-08-29,26741.274999999998,787.3553845833334,39.0,29.0,29.0,8122889385.214555
2023-08-30,27345.175,341.40024270833334,49.0,29.0,29.0,7747954052.565335
2023-08-31,26844.220833333336,528.5884345000001,52.0,29.0,29.0,7034239086.87547
2023-09-01,25899.116250000003,351.579408,40.0,29.0,29.0,7040881499.832634
2023-09-02,25822.51166666667,99.55632145833334,39.0,29.0,29.0,7024409094.188541
2023-09-03,25914.625416666666,138.44132291666668,40.0,25.0,25.0,7087576497.851367
2023-09-04,25894.38791666667,179.635056375,40.0,25.0,25.0,6981415481.796871
2023-09-05,25737.351250000003,186.49402329166665,40.0,25.0,25.0,7132569735.7033415
2023-09-06,25730.68375,238.37247570833333,42.0,25.0,25.0,7121885757.474158
2023-09-07,25847.21541666667,234.99998245833333,41.0,25.0,25.0,7304459803.973949
2023-09-08,26018.875,276.664865625,46.0,25.0,25.0,7239175931.807704
2023-09-09,25873.865416666667,71.04325716666666,41.0,25.0,25.0,7203328509.143535
2023-09-10,25822.899583333332,205.65968220833335,40.0,24.0,24.0,7077530274.248413
2023-09-11,25492.092083333333,494.62526333333335,40.0,24.0,24.0,7280578538.690536
2023-09-12,25881.202916666665,762.697413625,30.0,24.0,24.0,7305910678.735618
2023-09-13,26087.330416666668,402.4324750833334,41.0,24.0,24.0,7525890936.946294
2023-09-14,26453.165416666667,406.76199420833336,45.0,24.0,24.0,7829221788.87476
2023-09-15,26497.105833333335,228.31441266666664,45.0,24.0,24.0,7571624076.025136
2023-09-16,26554.38,115.75681683333333,43.0,24.0,24.0,7552150993.236392
2023-09-17,26524.180833333332,89.43358866666667,46.0,24.0,24.0,7458166251.299907
2023-09-18,26866.471250000002,442.2567629166667,46.0,24.0,24.0,7737788839.570271
2023-09-19,27056.117916666666,380.2992110416667,46.0,24.0,24.0,8003681722.401044
2023-09-20,27122.974166666667,468.807096,47.0,24.0,24.0,7793473516.628978
2023-09-21,26766.377083333336,350.97350041666664,47.0,24.0,24.0,7685125956.706
2023-09-22,26613.028333333335,233.37058204166667,43.0,24.0,24.0,7635957815.871509
2023-09-23,26578.10375,60.164361791666664,47.0,24.0,24.0,7591606895.176315
2023-09-24,26556.6775,171.77610133333334,44.0,23.0,23.0,7517551676.094842
2023-09-25,26203.70583333333,408.33573500000006,47.0,23.0,23.0,7677022039.543836
2023-09-26,26243.474583333333,208.47834479166667,46.0,23.0,23.0,7831005519.977147
2023-09-27,26332.952916666665,440.9331395,44.0,23.0,23.0,7809118322.974895
2023-09-28,26694.197916666668,534.5588238333333,46.0,23.0,23.0,8210313423.292897
2023-09-29,26961.307083333333,390.88418220833336,48.0,23.0,23.0,7975582153.07195
2023-09-30,26967.529166666664,73.784373875,47.0,23.0,23.0,8036632264.390574
2023-10-01,27189.775833333333,301.1680739166667,48.0,25.0,25.0,8148200986.764073
2023-10-02,28038.020833333332,798.4724784583333,50.0,25.0,25.0,8076466670.19246
2023-10-03,27485.694166666668,330.77136608333336,50.0,25.0,25.0,8081967325.429584
2023-10-04,27516.3325,321.65042658333334,49.0,25.0,25.0,8404391666.618463
2023-10-05,27633.49,378.31881512499996,48.0,25.0,25.0,8379867266.495181
2023-10-06,27708.33541666667,442.7472383333333,50.0,25.0,25.0,8711729020.106655
2023-10-07,27926.095,104.38315858333334,49.0,25.0,25.0,8681505243.940428
2023-10-08,27913.12041666667,149.318637125,50.0,24.0,24.0,8655803275.515371
2023-10-09,27662.86333333333,374.60935191666664,50.0,24.0,24.0,8477678012.04445
2023-10-10,27514.69083333333,245.1171545,50.0,24.0,24.0,8492383377.515307
2023-10-11,27012.499583333334,390.82729604166667,47.0,24.0,24.0,8582831249.714147
2023-10-12,26772.3125,199.26177829166667,45.0,24.0,24.0,8491728162.97808
2023-10-13,26821.788333333334,234.47552054166667,44.0,24.0,24.0,8467319635.599111
2023-10-14,26885.809999999998,77.81881820833333,47.0,24.0,24.0,8497083913.267619
2023-10-15,26947.256250000002,157.44744925,45.0,28.0,28.0,8700942695.598574
2023-10-16,27917.800416666665,1104.8201405,47.0,28.0,28.0,8368627111.678737
2023-10-17,28384.944999999996,517.2474845833334,52.0,28.0,28.0,8490178657.93417
2023-10-18,28390.12875,446.25442437500004,50.0,28.0,28.0,8237499570.5144
2023-10-19,28481.971250000002,381.71704079166665,52.0,28.0,28.0,8627207565.279358
2023-10-20,29446.22208333333,730.187084,53.0,28.0,28.0,8797721881.197485
2023-10-21,29812.76,264.66576041666667,63.0,28.0,28.0,9046842740.56463
2023-10-22,29911.29875,218.54280004166665,53.0,41.0,41.0,8932910816.430319
2023-10-23,30991.002083333336,1103.1339723333333,53.0,41.0,41.0,8891804249.538946
2023-10-24,34099.4375,1015.434479,66.0,41.0,41.0,8832562127.981163
2023-10-25,34342.15458333333,598.7147080833333,72.0,41.0,41.0,9387949999.008102
2023-10-26,34325.81375,387.31266854166665,71.0,41.0,41.0,9325159855.84546
2023-10-27,33963.222499999996,340.47945375,70.0,41.0,41.0,9183458593.532455
2023-10-28,34092.11708333334,132.26644391666667,65.0,41.0,41.0,9325529483.427773
2023-10-29,34308.05125,206.60863241666667,72.0,32.0,32.0,9725347221.39891
2023-10-30,34438.98666666667,336.944773,68.0,32.0,32.0,9528499042.159996
2023-10-31,34391.095,296.71585454166666,66.0,32.0,32.0,9673502039.300346
2023-11-01,34612.99458333333,533.902925625,66.0,32.0,32.0,9839777084.975307
2023-11-02,35146.57166666666,643.173438625,72.0,32.0,32.0,9474089659.691902
2023-11-03,34527.46708333333,534.99472,65.0,32.0,32.0,9373615964.330591
2023-11-04,34771.395,174.99582333333333,68.0,32.0,32.0,9567211562.589993
2023-11-05,35024.667916666665,253.57111562500003,70.0,35.0,35.0,9720542160.87405
2023-11-06,35015.050416666665,219.04522454166667,74.0,35.0,35.0,9744758753.17686
2023-11-07,34977.590833333335,377.3749007916667,68.0,35.0,35.0,10005602930.008688
2023-11-08,35400.10208333333,363.1405511666667,66.0,35.0,35.0,10140983472.07156
2023-11-09,36636.08083333333,937.69675125,69.0,35.0,35.0,9615329440.005676
2023-11-10,36948.917916666665,375.29382258333334,70.0,35.0,35.0,9616925812.058592
2023-11-11,37072.90458333333,161.05254325,70.0,35.0,35.0,9538164789.552065
2023-11-12,37073.18208333333,126.34344708333333,73.0,33.0,33.0,9627156842.871387
2023-11-13,36859.14791666667,291.39231179166666,72.0,33.0,33.0,9545024189.907568
2023-11-14,36182.9,505.4261579166667,69.0,33.0,33.0,9078667684.638788
2023-11-15,36295.35666666667,623.1471608749999,60.0,33.0,33.0,9935486880.725506
2023-11-16,36899.44041666667,527.0171110833334,70.0,33.0,33.0,9466177688.554531
2023-11-17,36373.270416666666,435.618912875,63.0,33.0,33.0,9269898306.472668
2023-11-18,36485.47666666666,157.42999325,69.0,33.0,33.0,9380342586.625566
2023-11-19,36650.856250000004,210.156145875,66.0,32.0,32.0,9734858603.126225
2023-11-20,37308.76125,440.22946504166663,69.0,32.0,32.0,9843651361.68113
2023-11-21,37091.150416666664,619.098733125,71.0,32.0,32.0,9308190245.060991
2023-11-22,36693.65791666667,495.62034066666666,62.0,32.0,32.0,9608551650.140724
2023-11-23,37302.004166666666,237.91142420833333,66.0,32.0,32.0,9709192047.077574
2023-11-24,37629.53833333334,558.6961377083334,66.0,32.0,32.0,9760608318.01664
2023-11-25,37758.950000000004,106.00548250000001,73.0,32.0,32.0,9736012508.704197
2023-11-26,37594.33625,212.90401083333333,73.0,32.0,32.0,9598324361.648155
2023-11-27,37132.0175,301.0948908333333,66.0,32.0,32.0,9574369256.161585
2023-11-28,37448.59291666667,439.6662258333333,68.0,32.0,32.0,9895753385.265133
2023-11-29,37955.59208333333,329.49238833333334,72.0,32.0,32.0,10025079201.596214
2023-11-30,37772.855,228.91376533333334,74.0,32.0,32.0,9998522654.826836
2023-12-01,38416.66625,415.9426017083333,71.0,32.0,32.0,11104713065.82116
2023-12-02,38913.375,261.10680145833334,74.0,32.0,32.0,10644187797.122252
2023-12-03,39551.77958333333,233.71729566666667,73.0,48.0,48.0,10664726108.22228
2023-12-04,41471.115,729.4435676666667,74.0,48.0,48.0,11083225185.818638
2023-12-05,42445.36833333333,857.0899600416666,75.0,48.0,48.0,11607843923.293615
2023-12-06,43867.78541666667,519.8767736666667,72.0,48.0,48.0,11499467731.02004
2023-12-07,43546.900416666664,547.18052275,72.0,48.0,48.0,11441391225.24348
2023-12-08,43671.9825,394.80749066666664,72.0,48.0,48.0,11289610939.477951
2023-12-09,44000.46916666667,218.55729083333335,73.0,48.0,48.0,11082030072.154274
2023-12-10,43822.48291666667,148.00681804166666,74.0,38.0,38.0,11289518651.69212
2023-12-11,41931.90625,965.7800994999999,74.0,38.0,38.0,10369146999.573263
2023-12-12,41534.71166666666,484.48267929166667,67.0,38.0,38.0,10394848983.281857
2023-12-13,41642.697916666664,537.5231162916667,65.0,38.0,38.0,10765215398.29731
2023-12-14,42868.38208333334,462.0157856666667,72.0,38.0,38.0,10586487896.59206
2023-12-15,42450.699166666665,319.72352033333334,70.0,38.0,38.0,10223782723.70817
2023-12-16,42304.28083333333,158.99004108333335,67.0,38.0,38.0,10304614139.120668
2023-12-17,41933.292916666665,320.32074358333335,73.0,37.0,37.0,10160736737.259155
2023-12-18,41422.950000000004,598.3378595416667,65.0,37.0,37.0,10352697059.736897
2023-12-19,42708.82375,495.71823308333336,73.0,37.0,37.0,10463086572.85075
2023-12-20,43192.77291666667,483.751470875,74.0,37.0,37.0,10962088579.30398
2023-12-21,43731.1225,331.74548966666663,70.0,37.0,37.0,10905790820.672256
2023-12-22,43790.739166666666,317.3572130833333,74.0,37.0,37.0,10738254970.068808
2023-12-23,43669.36,114.3206475,70.0,37.0,37.0,10651440995.512104
2023-12-24,43606.895416666666,190.98038583333334,71.0,35.0,35.0,10497354203.083126
2023-12-25,43347.83,183.83104570833333,73.0,35.0,35.0,10644812912.892746
2023-12-26,42684.95041666667,382.97443258333334,71.0,35.0,35.0,10718282398.287489
2023-12-27,42845.4225,329.28662429166667,73.0,35.0,35.0,10780130558.433784
2023-12-28,42892.57041666667,341.6876247083333,73.0,35.0,35.0,10586605398.511156
2023-12-29,42396.35875,452.43574912500003,65.0,35.0,35.0,10436652152.993546
2023-12-30,42098.15625,222.40220675,68.0,35.0,35.0,10496076158.8883
2023-12-31,42432.61083333333,182.91268554166666,67.0,42.0,42.0,10322413109.124924
2024-01-01,42835.247083333335,232.59973283333332,65.0,42.0,42.0,10915397676.461191
2024-01-02,45247.364583333336,658.2227380416667,71.0,42.0,42.0,11233487997.988005
2024-01-03,43898.542916666665,1144.559842875,70.0,42.0,42.0,9868389874.738544
2024-01-04,43482.004166666666,467.7568536666667,68.0,42.0,42.0,10209308823.046026
2024-01-05,43741.160833333335,590.3086164166667,72.0,42.0,42.0,9820375035.399014
2024-01-06,43814.645833333336,185.54689220833333,70.0,42.0,42.0,9921854899.548414
2024-01-07,44056.535,186.34609166666667,71.0,65.0,65.0,10023179372.742338
2024-01-08,44906.82041666666,630.7265871666667,71.0,65.0,65.0,10913579654.166458
2024-01-09,46590.12375,767.7424882916666,76.0,65.0,65.0,10355614055.811289
2024-01-10,45839.917916666665,1108.2629182916667,73.0,65.0,65.0,10274329658.87962
2024-01-11,46589.98500000001,853.7211991666667,76.0,65.0,65.0,10613297668.130898
2024-01-12,45038.53291666667,896.5669878333333,71.0,65.0,65.0,10314334602.384232
2024-01-13,42862.985,365.609729125,64.0,65.0,65.0,10308166533.930271
2024-01-14,42746.025416666664,306.6338001666667,60.0,39.0,39.0,10254327074.287453
2024-01-15,42622.08583333333,420.1182708333333,52.0,39.0,39.0,10050226246.707289
2024-01-16,42959.30125,484.42354954166666,64.0,39.0,39.0,10072747643.381435
2024-01-17,42717.4075,376.55718333333334,60.0,39.0,39.0,10131465287.060167
2024-01-18,42223.543333333335,541.5921914583333,63.0,39.0,39.0,10109215849.249329
2024-01-19,41328.892916666664,560.6662211666667,51.0,39.0,39.0,9906722341.627476
2024-01-20,41620.65125,142.87271370833332,52.0,39.0,39.0,9911270435.530136
2024-01-21,41686.551666666666,144.28859408333332,56.0,35.0,35.0,9912120711.948492
2024-01-22,40710.166666666664,783.051112875,55.0,35.0,35.0,9531739190.987415
2024-01-23,39438.887083333335,665.5245400416667,50.0,35.0,35.0,9480610928.157034
2024-01-24,39932.5925,368.26262966666667,48.0,35.0,35.0,9675558108.735895
2024-01-25,39963.47375,253.16903375,52.0,35.0,35.0,9777518936.46553
2024-01-26,40974.183333333334,472.5448993333334,49.0,35.0,35.0,10305868433.771645
2024-01-27,41825.520416666666,112.75936541666665,55.0,35.0,35.0,10201712357.092571
2024-01-28,42251.0925,243.78313720833333,54.0,30.0,30.0,9950632810.597706
2024-01-29,42495.72375,290.33475425,55.0,30.0,30.0,10358204438.268637
2024-01-30,43405.871666666666,302.785154125,61.0,30.0,30.0,10124063898.970695
2024-01-31,42921.98458333333,311.87445633333334,60.0,30.0,30.0,9983227444.908705
2024-02-01,42467.72875,347.924939875,63.0,30.0,30.0,10128244229.789265
2024-02-02,43058.22375,299.6219767083333,63.0,30.0,30.0,10106007808.391096
2024-02-03,43101.47625,91.41938920833333,60.0,30.0,30.0,10175490573.416534
2024-02-04,42879.8375,124.65148008333334,60.0,31.0,31.0,10108884063.318632
2024-02-05,42808.768749999996,278.72161575,60.0,31.0,31.0,10415330232.99112
2024-02-06,42965.72625,285.97335845833334,64.0,31.0,31.0,10603714178.96485
2024-02-07,43288.66125,416.55782179166664,62.0,31.0,31.0,11180871013.53896
2024-02-08,44905.91541666666,565.900418875,66.0,31.0,31.0,11728835689.192698
2024-02-09,46808.20333333333,1373.8128602916668,72.0,31.0,31.0,11694258315.00625
2024-02-10,47350.21083333334,291.71500045833335,74.0,31.0,31.0,12079551248.49015
2024-02-11,48154.61833333334,328.3779528333333,71.0,45.0,45.0,12501360389.885468
2024-02-12,48791.875,762.7070633333333,70.0,45.0,45.0,13312728702.399033
2024-02-13,49606.49458333334,703.4916752083333,79.0,45.0,45.0,12797178984.506464
2024-02-14,50902.786250000005,878.9671287083333,74.0,45.0,45.0,13583535019.54952
2024-02-15,52039.972083333334,798.2846680416666,72.0,45.0,45.0,13286262472.693888
2024-02-16,52027.89791666667,520.44795175,72.0,45.0,45.0,13322716410.759676
2024-02-17,51613.00416666667,384.04724000000004,76.0,45.0,45.0,13357606393.659485
2024-02-18,51744.915,249.48704962500003,72.0,38.0,38.0,13194384096.421015
2024-02-19,52095.708333333336,332.17115083333334,75.0,38.0,38.0,13346459767.148306
2024-02-20,51897.644583333335,698.758317625,72.0,38.0,38.0,13087797529.723246
2024-02-21,51456.309166666666,589.7320926250001,78.0,38.0,38.0,13076069464.2032
2024-02-22,51579.92833333334,447.6388502083334,74.0,38.0,38.0,12757006972.629736
2024-02-23,51086.58708333334,382.73712025000003,76.0,38.0,38.0,12946912208.913568
2024-02-24,51160.637083333335,175.19477070833332,72.0,38.0,38.0,13120323008.306046
2024-02-25,51636.71041666667,203.72289125,74.0,66.0,66.0,12956451166.841576
2024-02-26,52362.28875,822.3172595833333,72.0,66.0,66.0,13791206250.05823
2024-02-27,56497.611249999994,1097.209537,79.0,66.0,66.0,13767402338.407766
2024-02-28,59439.6525,1731.982121625,82.0,66.0,66.0,14242631319.201822
2024-02-29,62098.95875,1574.3213465833333,80.0,66.0,66.0,13912492710.357315
2024-03-01,61857.517916666664,701.3450787916667,80.0,66.0,66.0,14329230660.87094
2024-03-02,61957.53333333333,389.8665795833333,80.0,66.0,66.0,14179858028.800856
2024-03-03,62197.364166666666,519.8416475416667,83.0,80.0,80.0,14774048338.734756
2024-03-04,65452.295000000006,1426.873940625,82.0,80.0,80.0,16602081839.426851
2024-03-05,66108.28791666667,2080.872413833333,90.0,80.0,80.0,14918323522.280634
2024-03-06,65884.27708333333,1581.921586625,75.0,80.0,80.0,15266967989.697245
2024-03-07,66758.21833333334,730.1238969166667,82.0,80.0,80.0,15502315634.202309
2024-03-08,67698.45875,729.0916145833334,81.0,80.0,80.0,15673631451.362768
2024-03-09,68250.965,169.48510116666668,84.0,80.0,80.0,15725036212.839289
2024-03-10,69259.85124999999,355.18020158333337,79.0,76.0,76.0,16601530061.996656
2024-03-11,70952.12999999999,894.8211805416666,82.0,76.0,76.0,17950314331.58725
2024-03-12,71691.67416666666,908.6062249166666,81.0,76.0,76.0,17692282373.04003
2024-03-13,72714.76291666667,511.294709875,81.0,76.0,76.0,17877259569.872868
2024-03-14,72144.11541666667,717.6492273333333,88.0,76.0,76.0,18275465879.680748
2024-03-15,68582.25125,1387.1878200833335,83.0,76.0,76.0,16594648857.783075
2024-03-16,68125.69,817.2513667916668,81.0,76.0,76.0,15738830732.645254
2024-03-17,67090.63625,697.7268915416666,79.0,60.0,60.0,16367999821.569742
2024-03-18,67746.43333333333,796.716725375,77.0,60.0,60.0,16243352946.270218
2024-03-19,64343.16541666666,1133.3723958333333,79.0,60.0,60.0,14891078601.363146
2024-03-20,63947.56375,1093.9323842916667,74.0,60.0,60.0,16006364277.869638
2024-03-21,66571.59125,862.7809793749999,78.0,60.0,60.0,15304581101.831703
2024-03-22,64577.20250000001,714.2184514583333,75.0,60.0,60.0,15022491652.211449
2024-03-23,64567.30458333334,298.37634520833336,73.0,60.0,60.0,15081830667.163824
2024-03-24,65270.98708333333,401.24966250000006,74.0,53.0,53.0,15934334542.458014
2024-03-25,68388.12166666666,852.2296288333333,75.0,53.0,53.0,17064397589.464188
2024-03-26,70330.705,757.6708291666667,81.0,53.0,53.0,17190987272.47634
2024-03-27,69722.80666666667,582.2204052916667,83.0,53.0,53.0,17366441250.89947
2024-03-28,70453.88249999999,384.0439700833333,80.0,53.0,53.0,17762564906.170322
2024-03-29,69985.39291666666,305.78217529166665,79.0,53.0,53.0,17048452861.164667
2024-03-30,69955.54416666667,134.04369141666666,75.0,53.0,53.0,17038656277.530478
2024-03-31,70447.92875,175.714561625,75.0,47.0,47.0,17647622532.912277
2024-04-01,69642.35583333333,469.682924625,79.0,47.0,47.0,17449949894.17262
2024-04-02,66236.55500000001,810.6013399583334,79.0,47.0,47.0,16160741791.28197
2024-04-03,66053.37166666666,517.6760513333334,71.0,47.0,47.0,16334102092.461382
2024-04-04,66959.89,508.5610549166667,70.0,47.0,47.0,16555229080.120874
2024-04-05,67503.16708333333,539.0046173333334,79.0,47.0,47.0,15900017867.110603
2024-04-06,68056.50624999999,220.33172312499997,75.0,47.0,47.0,16320899495.926111
2024-04-07,69376.41833333333,297.969385125,78.0,50.0,50.0,16787099611.139223
2024-04-08,71147.49875,518.2076679583333,76.0,50.0,50.0,17865700714.40222
2024-04-09,70105.58458333333,495.845049,80.0,50.0,50.0,17259620360.60484
2024-04-10,69260.44125,521.7548110833333,78.0,50.0,50.0,17124994070.36184
2024-04-11,70414.00833333333,462.40203525,76.0,50.0,50.0,17080717027.793846
2024-04-12,69441.81958333333,643.636743,79.0,50.0,50.0,16725941155.28251
2024-04-13,66457.95541666666,1107.501106125,72.0,50.0,50.0,14285961461.180788
2024-04-14,64213.89208333333,867.6503655833334,72.0,68.0,68.0,14679843694.949316
2024-04-15,64906.12083333333,1043.8554608333334,74.0,68.0,68.0,14616158719.46499
2024-04-16,63003.39791666667,985.0161855416667,65.0,68.0,68.0,14137855736.46118
2024-04-17,62445.87791666667,993.973173375,67.0,68.0,68.0,14037740429.8557
2024-04-18,62435.784583333334,944.7872786666667,57.0,68.0,68.0,14278148802.305994
2024-04-19,63826.69125,1163.7988964583333,66.0,68.0,68.0,14116037372.107702
2024-04-20,64210.07541666667,351.6441488333333,66.0,68.0,68.0,14561961590.370718
2024-04-21,64931.49166666667,293.6011319166667,72.0,42.0,42.0,14545434361.15425
2024-04-22,66038.28041666666,596.3389911666667,73.0,42.0,42.0,15278142715.142685
2024-04-23,66452.02541666666,515.876584875,71.0,42.0,42.0,15044169503.075739
2024-04-24,65695.53166666666,673.81170775,72.0,42.0,42.0,15075984522.098383
2024-04-25,64206.32666666667,727.5527690416667,72.0,42.0,42.0,14779173540.669275
2024-04-26,64142.089166666665,714.2422945416666,70.0,42.0,42.0,14647252963.277931
2024-04-27,63084.91,479.62740637499996,67.0,42.0,42.0,14882905071.954542
2024-04-28,63699.4125,459.40296225,65.0,41.0,41.0,14488834014.441778
2024-04-29,62779.17791666667,685.5428416666667,67.0,41.0,41.0,14797725515.518814
2024-04-30,61724.07125,839.192000125,67.0,41.0,41.0,14880385880.615686
2024-05-01,58307.05416666667,996.3073839583334,54.0,41.0,41.0,13948733527.176645
2024-05-02,58352.52958333333,674.616795875,43.0,41.0,41.0,13861941255.766321
2024-05-03,60687.869583333326,736.4326609583333,48.0,41.0,41.0,14885903391.296774
2024-05-04,63483.074583333335,424.9069674583333,67.0,41.0,41.0,15085952548.2026
2024-05-05,63753.072916666664,401.33402633333327,69.0,35.0,35.0,15034031251.923056
2024-05-06,63859.06458333333,583.7797859166666,71.0,35.0,35.0,14695354414.669716
2024-05-07,63492.68166666667,543.658724125,68.0,35.0,35.0,14690473174.467972
2024-05-08,62283.585,549.48084075,64.0,35.0,35.0,14383511698.257065
2024-05-09,61797.637083333335,493.81795958333333,55.0,35.0,35.0,14565300717.521795
2024-05-10,62073.77583333334,645.484807125,66.0,35.0,35.0,14701981280.773493
2024-05-11,60921.84416666667,269.9411670416667,53.0,35.0,35.0,14562429915.603415
2024-05-12,61166.78625,272.467255625,56.0,33.0,33.0,14537380062.8884
2024-05-13,62377.72291666667,718.66096325,57.0,33.0,33.0,15023917310.248596
2024-05-14,61923.800833333335,608.3863259999999,66.0,33.0,33.0,14352369457.06481
2024-05-15,63648.72041666667,766.1539535000001,64.0,33.0,33.0,16205088456.11576
2024-05-16,65775.3725,666.25202125,70.0,33.0,33.0,15551208790.04458
2024-05-17,66325.42541666667,569.5219075833334,74.0,33.0,33.0,16032392417.038168
2024-05-18,66931.14333333333,308.10180475,73.0,33.0,33.0,16114695868.05036
2024-05-19,66851.91416666667,370.9552125416667,72.0,36.0,36.0,15898482051.826616
2024-05-20,67728.62166666666,856.5421683333334,70.0,36.0,36.0,16522179382.059977
2024-05-21,70569.89583333333,689.442130375,76.0,36.0,36.0,16758158408.653784
2024-05-22,69818.58208333333,666.2667572083334,76.0,36.0,36.0,16604453190.156813
2024-05-23,68749.89291666666,792.6223603333333,76.0,36.0,36.0,15981139962.497873
2024-05-24,67960.92666666667,525.0202079166667,74.0,36.0,36.0,16055457240.670664
2024-05-25,68966.88291666667,221.27414,76.0,36.0,36.0,16445481998.067322
2024-05-26,68971.57833333334,270.22351075,75.0,31.0,31.0,16243993829.815344
2024-05-27,69166.08791666667,685.0818133333333,74.0,31.0,31.0,16700339650.410408
2024-05-28,68233.98291666668,646.8443234166667,72.0,31.0,31.0,16715973920.984991
2024-05-29,67966.035,663.6094362499999,72.0,31.0,31.0,17024608737.31169
2024-05-30,68235.97375,753.1262445416668,73.0,31.0,31.0,16787292042.641151
2024-05-31,67979.70125,383.784924375,73.0,31.0,31.0,17004266732.077429
2024-06-01,67709.85583333333,134.383428125,72.0,31.0,31.0,16906226267.56421
2024-06-02,67861.12874999999,255.8374354166667,73.0,32.0,32.0,16952582159.873617
2024-06-03,68969.48,597.4665794583333,73.0,32.0,32.0,17644186019.330917
2024-06-04,69631.04583333334,606.7375859583334,73.0,32.0,32.0,18678499452.746845
2024-06-05,71071.66374999999,538.1967107500001,75.0,32.0,32.0,19183050522.628777
2024-06-06,71007.01666666666,506.52028079166666,78.0,32.0,32.0,19144490784.70901
2024-06-07,70656.03791666667,688.8481224583334,77.0,32.0,32.0,18739928088.04007
2024-06-08,69409.02875,240.60816333333332,72.0,32.0,32.0,18656244456.05948
2024-06-09,69472.12583333334,206.97869795833333,75.0,30.0,30.0,19006002037.458576
2024-06-10,69597.94416666667,455.6675880833334,72.0,30.0,30.0,19047292669.11337
2024-06-11,67440.91166666667,986.9540631666667,74.0,30.0,30.0,18309468307.951405
2024-06-12,68204.41374999999,844.3390941666667,72.0,30.0,30.0,18409592674.79186
2024-06-13,67339.83208333333,772.8595691249999,70.0,30.0,30.0,18262524553.599056
2024-06-14,66504.86958333333,739.1970662916666,74.0,30.0,30.0,17935416407.415016
2024-06-15,66210.45541666666,271.78629695833337,74.0,30.0,30.0,17941220256.166542
2024-06-16,66452.65583333334,319.48098920833337,71.0,29.0,29.0,18157090066.548603
2024-06-17,66184.71291666667,842.1779475833333,71.0,29.0,29.0,17952034232.454132
2024-06-18,65193.32041666666,1108.3650364583334,74.0,29.0,29.0,17394874720.012913
2024-06-19,65150.71125,590.6327049166667,64.0,29.0,29.0,17254140803.455345
2024-06-20,65317.08791666667,738.7872820416666,60.0,29.0,29.0,17153638056.848106
2024-06-21,64181.19708333333,791.634732125,63.0,29.0,29.0,17367090589.891632
2024-06-22,64298.53125,209.41047591666666,53.0,29.0,29.0,17520224800.148697
2024-06-23,64192.700833333336,286.12530129166663,55.0,30.0,30.0,17330342546.439537
2024-06-24,61404.57958333333,1431.3387353750002,51.0,30.0,30.0,16532099801.373526
2024-06-25,61342.410833333335,817.6292197500001,30.0,30.0,30.0,16561592328.755404
2024-06-26,61438.370416666665,652.5196734583334,46.0,30.0,30.0,16361905950.154814
2024-06-27,61332.275833333326,697.6140544583333,40.0,30.0,30.0,16484064851.051367
2024-06-28,61188.96333333334,861.312353125,47.0,30.0,30.0,16774228196.11439
2024-06-29,60960.355,330.5053966666666,30.0,30.0,30.0,16971421342.010817
2024-06-30,61561.54,381.62669408333335,47.0,33.0,33.0,17791094279.539856
2024-07-01,63155.47375,714.4257007916667,53.0,33.0,33.0,17367372355.24257
2024-07-02,62516.99625,523.05982625,51.0,33.0,33.0,17741436592.180912
2024-07-03,60586.099583333336,830.2375189583332,50.0,33.0,33.0,17481325257.555344
2024-07-04,58263.676666666666,1053.7668937916667,44.0,33.0,33.0,16188931390.446737
2024-07-05,55727.75625,962.0238056666667,29.0,33.0,33.0,15006202703.71579
2024-07-06,57071.518749999996,414.18271066666665,26.0,33.0,33.0,15112090355.678324
2024-07-07,57315.90708333333,446.998994375,29.0,33.0,33.0,14707943715.679316
2024-07-08,56243.72708333333,723.6537522499999,28.0,33.0,33.0,14409980731.65962
2024-07-09,57446.40791666667,546.8066534583334,27.0,33.0,33.0,15151294612.873102
2024-07-10,58092.91375,693.4929308750001,28.0,33.0,33.0,15102181004.114702
2024-07-11,57914.026249999995,666.404371,29.0,33.0,33.0,15367083098.200006
2024-07-12,57485.120416666665,609.3212555833334,25.0,33.0,33.0,15193584004.43701
2024-07-13,58445.329999999994,436.0430602083333,25.0,33.0,33.0,15887396468.194883
2024-07-14,60055.45458333333,530.2207215833333,33.0,36.0,36.0,16459514902.190592
2024-07-15,62951.332916666666,873.658719875,52.0,36.0,36.0,17354336484.422115
2024-07-16,64163.40916666667,864.6942117916666,65.0,36.0,36.0,17376145376.07747
2024-07-17,64982.19,675.1656575416666,69.0,36.0,36.0,17091250066.19345
2024-07-18,64337.05625,607.0450057500001,61.0,36.0,36.0,17128043125.023932
2024-07-19,65122.4175,799.66617925,60.0,36.0,36.0,18719783879.61952
2024-07-20,66770.48708333333,398.5449472083333,74.0,36.0,36.0,18640413152.28281
2024-07-21,67189.30166666667,558.6668759166666,74.0,37.0,37.0,18735630563.917564
2024-07-22,67567.40958333334,689.3006727083333,70.0,37.0,37.0,18500367850.944862
2024-07-23,66540.73666666666,819.4033436666667,71.0,37.0,37.0,18009490190.37039
2024-07-24,66043.78291666666,677.9595683333333,69.0,37.0,37.0,17865596713.764133
2024-07-25,64653.863333333335,868.025,68.0,37.0,37.0,18126225385.86255
2024-07-26,67314.20583333333,706.8212497916667,68.0,37.0,37.0,19049024564.31969
2024-07-27,68274.28583333334,735.2161108333333,72.0,37.0,37.0,19365790263.368217
2024-07-28,67829.74333333333,487.590246875,71.0,34.0,34.0,19600259205.17969
2024-07-29,68562.04416666667,870.7512535416666,74.0,34.0,34.0,19437692037.70283
2024-07-30,66378.78291666666,726.07586125,67.0,34.0,34.0,19124816898.42104
2024-07-31,65986.43000000001,707.1402893333334,61.0,34.0,34.0,18778042292.89898
2024-08-01,64202.329999999994,1110.378008375,52.0,34.0,34.0,18803323558.14575
2024-08-02,63768.800833333335,1291.4596917083334,57.0,34.0,34.0,17778326002.907753
2024-08-03,61286.824583333335,1002.025996375,37.0,34.0,34.0,17349613395.921066
2024-08-04,59926.52333333334,942.9078102083332,34.0,50.0,50.0,16736037224.94129
2024-08-05,53360.83625,3473.791053583333,26.0,50.0,50.0,13615751469.475042
2024-08-06,55895.69041666667,1244.517636,17.0,50.0,50.0,14342435122.423254
2024-08-07,56337.07874999999,1007.8161075833333,29.0,50.0,50.0,14281191991.80023
2024-08-08,58336.11625,1086.438295375,20.0,50.0,50.0,15333869910.001251
2024-08-09,60735.30833333333,953.231274375,48.0,50.0,50.0,14834999012.731918
2024-08-10,60712.20291666666,957.9422785416667,40.0,50.0,50.0,14994997422.898132
2024-08-11,60408.72291666667,1175.1126152083332,39.0,34.0,34.0,14593405726.94599
2024-08-12,58957.96208333334,1159.975565375,25.0,34.0,34.0,14313384355.878351
2024-08-13,59793.15083333334,1244.2718463333333,31.0,34.0,34.0,15224425850.541147
2024-08-14,60097.27,1372.81411825,30.0,34.0,34.0,15182887511.01737
2024-08-15,58375.667916666665,1348.4406540833334,29.0,34.0,34.0,15327673513.583069
2024-08-16,58494.405,1139.239170375,27.0,34.0,34.0,15471729059.953287
2024-08-17,59305.57750000001,947.2131928333333,25.0,34.0,34.0,15710323308.522703
2024-08-18,59642.28083333333,914.6640268750001,31.0,31.0,31.0,15474479735.66192
2024-08-19,58655.386666666665,1091.2025205,28.0,31.0,31.0,15482326364.84303
2024-08-20,60093.83375,1062.2698227916667,30.0,31.0,31.0,15524571356.146898
2024-08-21,59914.625,1076.299028375,26.0,31.0,31.0,16573765293.61574
2024-08-22,60673.2125,973.2455844583333,39.0,31.0,31.0,16219344334.043604
2024-08-23,61799.31958333333,1089.7306310833335,34.0,31.0,31.0,17532889282.312702
2024-08-24,64069.26833333333,814.4560489583333,56.0,31.0,31.0,17673493126.0512
2024-08-25,64103.9925,754.6647005833333,54.0,29.0,29.0,17889324239.766914
2024-08-26,63650.73708333333,1108.1075946666667,55.0,29.0,29.0,16993709222.753714
2024-08-27,62118.503333333334,1408.6390802916667,48.0,29.0,29.0,15737918944.719637
2024-08-28,59305.56166666667,999.8726977083334,30.0,29.0,29.0,15433404484.141272
2024-08-29,59690.25208333333,784.4818057083334,29.0,29.0,29.0,15673663926.350592
2024-08-30,59108.43875,810.6673602916667,34.0,29.0,29.0,15522818459.43867
2024-08-31,59082.36708333334,299.041567125,29.0,29.0,29.0,15559663678.104216
2024-09-01,58230.98583333333,706.698388875,26.0,29.0,29.0,15220094655.013052
2024-09-02,58250.980833333335,962.4274883333334,26.0,29.0,29.0,15691443083.87786
2024-09-03,58549.39916666667,870.9347571666667,26.0,29.0,29.0,15670746381.53058
2024-09-04,57190.97041666667,1268.4705698750001,27.0,29.0,29.0,15381197626.635712
2024-09-05,56786.589166666665,1181.830482,29.0,29.0,29.0,15261618224.35407
2024-09-06,55246.80375,1387.4585137499998,22.0,29.0,29.0,15102224378.42248
2024-09-07,54232.129583333335,949.1306008749999,23.0,29.0,29.0,15027299461.532469
2024-09-08,54362.557083333326,617.9533724166666,29.0,29.0,29.0,15293697372.002874
2024-09-09,55726.99625,895.263128,26.0,29.0,29.0,16188962418.96319
2024-09-10,57111.38166666666,1061.758691125,33.0,29.0,29.0,16181119365.11926
2024-09-11,56888.94166666667,1119.4960851666667,37.0,29.0,29.0,16028443783.53895
2024-09-12,58008.700833333336,1022.2033509583333,31.0,29.0,29.0,16364108185.683527
2024-09-13,58739.75083333333,1139.5142127083334,32.0,29.0,29.0,17587979237.03474
2024-09-14,60007.75625,453.3283712083333,50.0,29.0,29.0,17140494040.247375
2024-09-15,59995.52333333334,525.4593788333333,51.0,29.0,29.0,16696517627.973913
2024-09-16,58330.1225,824.8422263333333,39.0,29.0,29.0,16192064103.832611
2024-09-17,59373.41583333333,1125.3523364166667,33.0,29.0,29.0,16976702665.98382
2024-09-18,60180.15708333333,1189.3124775833332,45.0,29.0,29.0,17418269248.94646
2024-09-19,62665.260416666664,1315.3882364583333,49.0,29.0,29.0,18224313519.217068
2024-09-20,63231.4575,981.05105075,54.0,29.0,29.0,17826713811.134796
2024-09-21,63100.825833333336,546.576357125,54.0,29.0,29.0,17962564873.429493
2024-09-22,62978.4075,685.1964752083333,52.0,29.0,29.0,17789530364.62654
2024-09-23,63528.215,975.552142,50.0,29.0,29.0,17911545726.82074
2024-09-24,63548.73166666667,904.9497035833333,54.0,29.0,29.0,18576641670.99895
2024-09-25,63738.39208333333,1002.1136786249999,59.0,29.0,29.0,18163108641.624622
2024-09-26,64289.02541666667,1261.638856375,50.0,29.0,29.0,18773328959.42121
2024-09-27,65631.10166666667,1301.8511022916666,61.0,29.0,29.0,18756668514.2941
2024-09-28,65767.67125,397.64581849999996,64.0,29.0,29.0,18671295807.550568
2024-09-29,65713.50958333333,286.8140902083333,63.0,26.0,26.0,18679000965.897057
2024-09-30,63996.69333333333,1016.1519883750001,61.0,26.0,26.0,18162276476.228622
2024-10-01,62873.20458333333,1442.2903219166667,50.0,26.0,26.0,17360598458.42605
2024-10-02,61278.173749999994,1018.0486170416666,42.0,26.0,26.0,16932173614.351358
2024-10-03,60822.71958333333,1113.712945875,37.0,26.0,26.0,17274527339.037445
2024-10-04,61608.50125,985.9257107499999,41.0,26.0,26.0,17551033905.361156
2024-10-05,62055.89833333334,372.36922683333336,49.0,26.0,26.0,17512782300.758614
2024-10-06,62275.7575,376.5799136666667,50.0,27.0,27.0,18005675981.039284
2024-10-07,63355.04791666666,823.4248097916667,50.0,27.0,27.0,17562225621.99028
2024-10-08,62488.456666666665,848.4079055000001,49.0,27.0,27.0,17709759256.2162
2024-10-09,61837.395,868.4005621666666,49.0,27.0,27.0,17731139342.340923
2024-10-10,60576.84916666666,777.7631977916667,39.0,27.0,27.0,17566616412.331135
2024-10-11,61581.15833333333,716.8338165416667,32.0,27.0,27.0,18616756083.28973
2024-10-12,62934.06083333333,405.67195587500004,49.0,27.0,27.0,19056311934.40553
2024-10-13,62724.57874999999,476.7575831666666,50.0,27.0,27.0,18493309730.76741
2024-10-14,64874.14333333333,896.7491182083332,48.0,27.0,27.0,19750642033.00379
2024-10-15,66115.80833333333,1042.3399012916668,65.0,27.0,27.0,19419159007.5695
2024-10-16,67481.83333333333,834.5820774166667,73.0,27.0,27.0,20354027617.596703
2024-10-17,67277.17791666667,703.3002042083334,71.0,27.0,27.0,19691162276.765305
2024-10-18,68150.05166666667,716.3711577916666,73.0,27.0,27.0,20831502161.58124
2024-10-19,68276.19458333333,244.10270300000002,72.0,27.0,27.0,20775280151.724136
2024-10-20,68476.81958333333,299.36469179166664,73.0,27.0,27.0,20891231835.94552
2024-10-21,68135.00208333334,796.3429054166667,72.0,27.0,27.0,20493273568.16829
2024-10-22,67329.21041666667,706.780354375,70.0,27.0,27.0,20613168217.44065
2024-10-23,66622.62625,811.8376132500001,71.0,27.0,27.0,20457265769.88231
2024-10-24,67565.04958333333,734.5244113333333,69.0,27.0,27.0,20881330085.807285
2024-10-25,67603.04875,1001.4259067916665,72.0,27.0,27.0,19605639980.9902
2024-10-26,67015.47291666667,547.5655262500001,72.0,27.0,27.0,19775595432.257843
2024-10-27,67462.61416666667,544.142041,74.0,35.0,35.0,20365904607.81074
2024-10-28,68683.04333333333,857.4125200416667,72.0,35.0,35.0,22081647375.78657
2024-10-29,71676.05583333333,847.027330625,72.0,35.0,35.0,23171410773.54479
2024-10-30,72244.715,802.9009969166667,77.0,35.0,35.0,22991172546.543476
2024-10-31,71506.01958333333,661.53979925,77.0,35.0,35.0,22225320144.053288
2024-11-01,69696.90041666667,853.7728477083333,75.0,35.0,35.0,20987554120.02356
2024-11-02,69542.00958333333,338.07750158333334,72.0,35.0,35.0,21106535602.105324
2024-11-03,68485.30291666667,716.2670540833333,74.0,53.0,53.0,20633914318.97624
2024-11-04,68449.37,900.2450192083334,70.0,53.0,53.0,20419596262.30949
2024-11-05,69020.15708333334,946.59980725,70.0,53.0,53.0,20696346170.14814
2024-11-06,74197.87208333334,1626.5733581666666,70.0,53.0,53.0,24037719808.52992
2024-11-07,75403.27125,1138.1573346666667,77.0,53.0,53.0,23926637742.643322
2024-11-08,76158.80833333333,925.8635431666667,75.0,53.0,53.0,24195462751.694942
2024-11-09,76395.92458333333,533.1299734166666,75.0,53.0,53.0,23663081054.340378
2024-11-10,79180.66083333334,1193.6755529166667,78.0,100.0,100.0,24360739600.478924
2024-11-11,83273.835,1517.8688939166666,76.0,100.0,100.0,26282057808.979603
2024-11-12,87975.95416666666,1837.3611443749999,80.0,100.0,100.0,25860400790.182476
2024-11-13,88962.29958333333,1613.725179875,84.0,100.0,100.0,26157139145.749645
2024-11-14,89628.00083333334,1204.286729625,88.0,100.0,100.0,26347244556.14568
2024-11-15,89216.87041666667,1070.6013550416667,80.0,100.0,100.0,26788969201.44658
2024-11-16,91028.10541666666,673.3764740833334,86.0,100.0,100.0,26771837436.19392
2024-11-17,90374.91041666667,796.8732297916667,90.0,83.0,83.0,26784365836.68054
2024-11-18,90965.03041666666,1207.9472744583334,83.0,83.0,83.0,27273361357.250187
2024-11-19,91956.66083333333,1262.083900125,90.0,83.0,83.0,28188985779.85464
2024-11-20,93356.60333333333,1244.1987482916668,83.0,83.0,83.0,29718479930.592815
2024-11-21,97138.38833333332,1433.3074047916668,82.0,83.0,83.0,30866552286.29944
2024-11-22,98666.4975,1122.223698,94.0,83.0,83.0,30879514361.68669
2024-11-23,98275.88791666667,751.8780172083334,93.0,83.0,83.0,30544091273.692413
2024-11-24,97445.51583333332,1035.19088525,80.0,65.0,65.0,30123446476.079365
2024-11-25,96627.82833333332,1495.6033086666666,82.0,65.0,65.0,29713496110.25467
2024-11-26,93102.72583333333,1662.0647481666665,79.0,65.0,65.0,28530639690.94565
2024-11-27,94317.78458333334,1446.5843185833335,75.0,65.0,65.0,29145532392.287243
2024-11-28,95408.85458333332,1122.9458439583334,77.0,65.0,65.0,28821403268.79416
2024-11-29,96841.30541666667,1001.1185980416667,78.0,65.0,65.0,29608964887.076427
2024-11-30,96676.84083333334,421.33724225,84.0,65.0,65.0,28805518469.90269
2024-12-01,96869.3325,554.8304150833334,81.0,75.0,75.0,28953331069.150005
2024-12-02,95996.1375,1256.4413996666667,80.0,75.0,75.0,28501661656.172268
2024-12-03,95496.33374999999,949.0611967083333,76.0,75.0,75.0,28460364233.264637
2024-12-04,96471.7475,1051.9759704583332,78.0,75.0,75.0,30506916842.976086
2024-12-05,101017.80333333333,1980.3027517916669,84.0,75.0,75.0,29283357228.94441
2024-12-06,98960.79291666666,1390.0966421249998,72.0,75.0,75.0,29044617518.071796
2024-12-07,99673.94541666667,773.0063154999999,75.0,75.0,75.0,29306525786.465405
2024-12-08,99836.57291666667,718.4907944166666,79.0,61.0,61.0,29632096474.653736
2024-12-09,98419.40499999998,1410.5803164166666,78.0,61.0,61.0,28905356577.626415
2024-12-10,96878.65708333334,1784.8942960416668,78.0,61.0,61.0,28064485216.659985
2024-12-11,98885.46291666666,1232.4817580416668,74.0,61.0,61.0,30220849211.55456
2024-12-12,100756.33041666668,1266.786228125,83.0,61.0,61.0,30718241838.776657
2024-12-13,100513.96208333333,900.0858875416666,76.0,61.0,61.0,31056477483.48712
2024-12-14,101500.79833333334,886.2743809583334,83.0,61.0,61.0,31207007309.54896
2024-12-15,102599.01291666667,745.0352949166667,80.0,67.0,67.0,33810099684.397816
2024-12-16,105351.20833333333,1071.31049875,83.0,67.0,67.0,33505254210.90752
2024-12-17,106782.27708333333,1130.2006654166667,87.0,67.0,67.0,33358654576.005253
2024-12-18,103830.08750000001,1587.9427547083333,81.0,67.0,67.0,31898815674.18437
2024-12-19,100264.05249999999,1433.4260547916667,75.0,67.0,67.0,30898636265.50879
2024-12-20,96374.44333333334,1487.5114955,74.0,67.0,67.0,30395832347.67416
2024-12-21,97699.47499999999,1051.109484625,73.0,67.0,67.0,30363810345.26985
2024-12-22,96213.39958333333,980.2128075,73.0,54.0,54.0,29897217146.88644
2024-12-23,94765.05791666667,1181.632772875,70.0,54.0,54.0,30945685862.833035
2024-12-24,95994.30916666666,997.4301637916666,73.0,54.0,54.0,31953685861.73187
2024-12-25,98436.65500000001,872.7222091666667,73.0,54.0,54.0,32348679563.315968
2024-12-26,96704.27458333333,1044.6983406666666,79.0,54.0,54.0,31426251419.427094
2024-12-27,95561.25958333333,1038.2682956666665,74.0,54.0,54.0,31426102136.191204
2024-12-28,94717.02833333334,548.9698194583333,72.0,54.0,54.0,31777119644.143703
2024-12-29,94567.2475,711.930958125,73.0,50.0,50.0,31534693738.36507
2024-12-30,93433.76541666668,1093.772361,65.0,50.0,50.0,31278846701.23175
2024-12-31,93739.55458333333,678.4091440833333,64.0,50.0,50.0,31204884865.56113
2025-01-01,94050.12041666667,418.9387346666667,66.0,50.0,50.0,31755353151.55968
2025-01-02,96395.51958333334,969.683119875,70.0,50.0,50.0,33053722145.454426
2025-01-03,97254.25333333334,709.1722427083333,74.0,50.0,50.0,33136756758.74638
2025-01-04,98055.62916666667,381.14772604166666,73.0,50.0,50.0,32735693683.27801
2025-01-05,98086.95333333332,450.11986683333333,72.0,48.0,48.0,33006322287.595
2025-01-06,100243.34041666666,1097.3490191666667,76.0,48.0,48.0,35594523369.10105
2025-01-07,99785.77958333334,1035.8808935416666,78.0,48.0,48.0,33482009885.204773
2025-01-08,95450.24916666666,1304.3929028750001,70.0,48.0,48.0,32627888225.504284
2025-01-09,93414.87541666668,1420.948480625,69.0,48.0,48.0,31492186176.70602
2025-01-10,94337.08333333333,1543.6333807500002,50.0,48.0,48.0,32150753114.56665
2025-01-11,94412.84666666666,525.6388502083333,69.0,48.0,48.0,32186151351.288525
2025-01-12,94535.24874999998,609.75838325,62.0,50.0,50.0,32299570867.922863
2025-01-13,93024.57958333334,1698.1402522083333,61.0,50.0,50.0,31883162296.20433
2025-01-14,95919.17208333332,1526.0230794166666,63.0,50.0,50.0,32566266395.248493
2025-01-15,98146.18708333334,1535.23724625,70.0,50.0,50.0,34209249625.32961
2025-01-16,99544.75541666667,975.2269850833333,75.0,50.0,50.0,33782988215.08768
2025-01-17,102846.64208333334,1443.3671241250001,75.0,50.0,50.0,36752040955.24482
2025-01-18,103800.99041666667,1008.05780375,77.0,50.0,50.0,35489608390.625534
2025-01-19,104763.82666666666,1449.9403009583332,77.0,64.0,64.0,34045057875.150784
2025-01-20,104726.20333333332,2883.177188791667,76.0,64.0,64.0,34169472757.035904
2025-01-21,103935.55958333334,1740.6511295,76.0,64.0,64.0,35917184367.56788
2025-01-22,104824.84416666666,1128.828083875,84.0,64.0,64.0,34611495336.7012
2025-01-23,103231.65000000001,2284.6657227916667,75.0,64.0,64.0,33961070015.24921
2025-01-24,105042.59458333334,1004.0238458333333,75.0,64.0,64.0,34421186496.64893
2025-01-25,104705.43166666666,412.4046809583333,75.0,64.0,64.0,33854242617.14667
2025-01-26,104786.9175,346.2661945,73.0,47.0,47.0,33557810397.06239
2025-01-27,100336.65416666667,1704.5218820416667,71.0,47.0,47.0,33398984989.03628
2025-01-28,102299.66625000001,866.8741937916667,72.0,47.0,47.0,32918378100.10733
2025-01-29,102567.63,908.6535999166666,72.0,47.0,47.0,33902789966.44076
2025-01-30,105171.08833333333,789.4577168750001,70.0,47.0,47.0,34686056588.772026
2025-01-31,103955.73958333333,580.1765094583333,76.0,47.0,47.0,34453415758.28511
2025-02-01,101915.51125,516.3804666249999,68.0,47.0,47.0,33930367895.01945
2025-02-02,99021.69166666667,1394.3624587916668,60.0,51.0,51.0,33254304683.75059
2025-02-03,96884.76875,2824.617641208333,44.0,51.0,51.0,32492357213.168182
2025-02-04,99167.33791666666,1742.8378994166667,72.0,51.0,51.0,30396509168.510876
2025-02-05,97704.33541666665,1190.1467149166667,54.0,51.0,51.0,30585668764.92638
2025-02-06,97516.68666666666,1372.9055842916666,49.0,51.0,51.0,30608967588.872868
2025-02-07,97316.74916666666,1461.3356595833332,44.0,51.0,51.0,30666791767.54692
2025-02-08,96309.85875,494.73264904166666,44.0,51.0,51.0,30852519425.16948
2025-02-09,96539.17375,688.4529630416667,46.0,36.0,36.0,30613252691.99176
2025-02-10,97237.56541666666,1023.2302959583334,43.0,36.0,36.0,31496512220.87114
2025-02-11,97142.90333333334,992.226440625,47.0,36.0,36.0,32333339464.72252
2025-02-12,96347.11583333333,1333.0865272916667,46.0,36.0,36.0,32588060746.3826
2025-02-13,96377.765,1072.7935701666668,50.0,36.0,36.0,32322457441.09477
2025-02-14,97145.35916666668,1082.6498935833333,48.0,36.0,36.0,32224590833.845978
2025-02-15,97590.28541666667,654.0137455,50.0,36.0,36.0,32206145731.18149
2025-02-16,97170.74166666665,347.9926855416666,54.0,34.0,34.0,31937727296.226227
2025-02-17,96064.945,898.765381375,51.0,34.0,34.0,32246756720.98691
2025-02-18,95402.03291666666,1438.1207620833331,47.0,34.0,34.0,33143669238.50703
2025-02-19,95959.23708333333,959.7846804583334,44.0,34.0,34.0,32607113730.69336
2025-02-20,97450.10208333335,1050.812491875,49.0,34.0,34.0,34966880154.97904
2025-02-21,97611.03416666666,1385.9449667083334,55.0,34.0,34.0,31362591621.27564
2025-02-22,96425.66166666667,187.29383625,49.0,34.0,34.0,31002396650.920628
2025-02-23,96039.42291666666,109.19485958333333,50.0,54.0,54.0,31240208082.66211
2025-02-24,94940.54625,451.9873059166666,49.0,54.0,54.0,32194868351.509777
2025-02-25,89371.33916666667,1123.8759398333334,25.0,54.0,54.0,31002605071.45776
2025-02-26,87236.18208333333,751.8942855,21.0,54.0,54.0,28759536351.83549
2025-02-27,85261.86541666667,580.9006138333333,10.0,54.0,54.0,28703810806.90965
2025-02-28,81997.44499999999,713.0049987916667,16.0,54.0,54.0,27429302791.46652
2025-03-01,85201.29833333334,228.613391625,20.0,54.0,54.0,27560542863.45492
2025-03-02,88551.37041666667,459.6064445833333,26.0,56.0,56.0,30061692291.288403
2025-03-03,90617.76,644.253266625,33.0,56.0,56.0,26248703641.088924
2025-03-04,84733.8775,664.6757572083334,15.0,56.0,56.0,25351023188.63725
2025-03-05,88781.76833333333,437.09575387499996,20.0,56.0,56.0,26937919179.36851
2025-03-06,90494.76916666667,467.93940795833333,25.0,56.0,56.0,26726397960.3777
2025-03-07,87985.59458333334,673.4325175,34.0,56.0,56.0,26172178453.366894
2025-03-08,86225.7625,204.64367604166668,28.0,56.0,56.0,25912691091.89484
2025-03-09,84197.88958333334,390.35745429166667,27.0,49.0,49.0,25683692285.21995
2025-03-10,80925.57333333333,593.6083447916667,20.0,49.0,49.0,24901404261.11819
2025-03-11,81097.86333333333,617.2172777083333,24.0,49.0,49.0,24901404261.11819
2025-03-12,82585.20125,538.787247,34.0,49.0,49.0,24901404261.11819
2025-03-13,82215.45375,352.87748904166665,45.0,49.0,49.0,24901404261.11819
2025-03-14,83234.96041666667,376.69508825,27.0,49.0,49.0,24901404261.11819
2025-03-15,84260.75041666666,143.33725058333332,46.0,49.0,49.0,24901404261.11819
2025-03-16,83541.61791666667,244.69048554166667,30.0,37.0,37.0,24901404261.11819
2025-03-17,83583.67833333333,283.3974679583333,32.0,37.0,37.0,24901404261.11819
2025-03-18,82523.93958333334,382.64269283333334,34.0,37.0,37.0,24901404261.11819
2025-03-19,84138.34874999999,468.0219155,32.0,37.0,37.0,24901404261.11819
2025-03-20,85200.68916666666,470.56649345833335,49.0,37.0,37.0,24901404261.11819
2025-03-21,84180.74,228.867833375,31.0,37.0,37.0,24901404261.11819
2025-03-22,84180.2625,82.018104875,32.0,37.0,37.0,24901404261.11819
2025-03-23,84712.47083333334,152.27436025,30.0,34.0,34.0,24901404261.11819
2025-03-24,87386.30833333333,463.24885025000003,45.0,34.0,34.0,24901404261.11819
2025-03-25,87304.0625,449.23795108333337,46.0,34.0,34.0,24901404261.11819
2025-03-26,87295.2,396.53121633333336,47.0,34.0,34.0,24901404261.11819
2025-03-27,87221.59999999999,313.68605199999996,40.0,34.0,34.0,24901404261.11819
2025-03-28,85111.04166666667,413.5555664583333,44.0,34.0,34.0,24901404261.11819
2025-03-29,83117.6375,245.56388912500003,26.0,34.0,34.0,24901404261.11819
2025-03-30,82854.95,212.431998875,32.0,38.0,38.0,24901404261.11819
2025-03-31,82358.16249999999,466.59553708333334,34.0,38.0,38.0,24901404261.11819
2025-04-01,84113.2375,338.6843297916667,34.0,38.0,38.0,24901404261.11819
2025-04-02,85053.53333333334,618.5371543333333,44.0,38.0,38.0,24901404261.11819
2025-04-03,82823.95833333333,517.2723985416667,25.0,38.0,38.0,24901404261.11819
2025-04-04,83439.48333333332,756.712952125,28.0,38.0,38.0,24901404261.11819
2025-04-05,83336.3625,266.71171991666665,30.0,38.0,38.0,24901404261.11819
2025-04-06,81855.47916666667,576.3975172083334,34.0,55.0,55.0,24901404261.11819
2025-04-07,77566.745,1262.45932215,34.0,55.0,55.0,24901404261.11819
